英語レベル,対象,テーマ,番号,問題種類,形,問題文,正解,まちがい1,まちがい2,まちがい3,解説(要約)
31,小学3～6年生,be動詞,1,意味,4択,「I am a student.」の意味は？,私は生徒です。,私たちは友達です。,彼女は親切です。,私は疲れていません。,I の後では am を使うよ。
31,小学3～6年生,be動詞,2,穴埋め,4択,「I ___ a student.」に入る語は？,am,is,are,be,I の後では am を使うよ。
32,小学3～6年生,be動詞,1,意味,4択,「We are friends.」の意味は？,私たちは友達です。,彼女は親切です。,私は疲れていません。,あなたは忙しいですか。,we の後では are を使うよ。
32,小学3～6年生,be動詞,2,穴埋め,4択,「We ___ friends.」に入る語は？,are,am,is,be,we の後では are を使うよ。
33,小学3～6年生,be動詞,1,意味,4択,「She is kind.」の意味は？,彼女は親切です。,私は疲れていません。,あなたは忙しいですか。,私はテニスをします。,she の後では is を使うよ。
33,小学3～6年生,be動詞,2,穴埋め,4択,「She ___ kind.」に入る語は？,is,am,are,do,she の後では is を使うよ。
34,小学3～6年生,否定文,1,意味,4択,「I am not tired.」の意味は？,私は疲れていません。,あなたは忙しいですか。,私はテニスをします。,あなたは音楽が好きですか。,be動詞の後に not を置くよ。
34,小学3～6年生,否定文,2,穴埋め,4択,「I am ___ tired.」に入る語は？,not,no,do,can,be動詞の後に not を置くよ。
35,小学3～6年生,疑問文,1,意味,4択,「Are you busy?」の意味は？,あなたは忙しいですか。,私はテニスをします。,あなたは音楽が好きですか。,私は自転車を持っています。,you を使うbe動詞の疑問文は Are で始めるよ。
35,小学3～6年生,疑問文,2,穴埋め,4択,「___ you busy?」に入る語は？,Are,Am,Is,Do,you を使うbe動詞の疑問文は Are で始めるよ。
36,小学3～6年生,一般動詞,1,意味,4択,「I play tennis.」の意味は？,私はテニスをします。,あなたは音楽が好きですか。,私は自転車を持っています。,彼はカメラを持っています。,I の現在形では play を使うよ。
36,小学3～6年生,一般動詞,2,穴埋め,4択,「I ___ tennis every day.」に入る語は？,play,plays,playing,to play,I の現在形では play を使うよ。
37,小学3～6年生,好み,1,意味,4択,「Do you like music?」の意味は？,あなたは音楽が好きですか。,私は自転車を持っています。,彼はカメラを持っています。,あなたは料理ができますか。,一般動詞の疑問文は Do で始められるよ。
37,小学3～6年生,好み,2,穴埋め,4択,「___ you like music?」に入る語は？,Do,Are,Is,Can,一般動詞の疑問文は Do で始められるよ。
38,小学3～6年生,所有,1,意味,4択,「I have a bicycle.」の意味は？,私は自転車を持っています。,彼はカメラを持っています。,あなたは料理ができますか。,ドアを開けてください。,I have ... で持っているものを表すよ。
38,小学3～6年生,所有,2,穴埋め,4択,「I ___ a bicycle.」に入る語は？,have,has,am,can,I have ... で持っているものを表すよ。
39,小学3～6年生,三単現,1,意味,4択,「He has a camera.」の意味は？,彼はカメラを持っています。,あなたは料理ができますか。,ドアを開けてください。,このペンを使ってもよいですか。,he のとき have は has になるよ。
39,小学3～6年生,三単現,2,穴埋め,4択,「He ___ a camera.」に入る語は？,has,have,is,do,he のとき have は has になるよ。
40,小学3～6年生,能力,1,意味,4択,「Can you cook?」の意味は？,あなたは料理ができますか。,ドアを開けてください。,このペンを使ってもよいですか。,私のかばんはどこですか。,Can you ...? で能力を尋ねられるよ。
40,小学3～6年生,能力,2,穴埋め,4択,「___ you cook?」に入る語は？,Can,Do,Are,Have,Can you ...? で能力を尋ねられるよ。
41,小学3～6年生,依頼,1,意味,4択,「Please open the door.」の意味は？,ドアを開けてください。,このペンを使ってもよいですか。,私のかばんはどこですか。,あの男の子は誰ですか。,Please の後には動詞の原形を置くよ。
41,小学3～6年生,依頼,2,穴埋め,4択,「Please ___ the door.」に入る語は？,open,opens,opened,opening,Please の後には動詞の原形を置くよ。
42,小学3～6年生,許可,1,意味,4択,「Can I use this pen?」の意味は？,このペンを使ってもよいですか。,私のかばんはどこですか。,あの男の子は誰ですか。,何時ですか。,Can I ...? で許可を求められるよ。
42,小学3～6年生,許可,2,穴埋め,4択,「Can I ___ this pen?」に入る語は？,use,uses,used,using,Can I ...? で許可を求められるよ。
43,小学3～6年生,場所,1,意味,4択,「Where is my bag?」の意味は？,私のかばんはどこですか。,あの男の子は誰ですか。,何時ですか。,私は7時に起きます。,場所を尋ねるときは Where を使うよ。
43,小学3～6年生,場所,2,穴埋め,4択,「___ is my bag?」に入る語は？,Where,Why,Who,When,場所を尋ねるときは Where を使うよ。
44,小学3～6年生,人を尋ねる,1,意味,4択,「Who is that boy?」の意味は？,あの男の子は誰ですか。,何時ですか。,私は7時に起きます。,私たちは日曜日にサッカーをします。,人を尋ねるときは Who を使うよ。
44,小学3～6年生,人を尋ねる,2,穴埋め,4択,「___ is that boy?」に入る語は？,Who,Why,When,Whose,人を尋ねるときは Who を使うよ。
45,小学3～6年生,時刻,1,意味,4択,「What time is it?」の意味は？,何時ですか。,私は7時に起きます。,私たちは日曜日にサッカーをします。,学校は4月に始まります。,What time ...? で時刻を尋ねるよ。
45,小学3～6年生,時刻,2,穴埋め,4択,「What ___ is it? It's seven o'clock.」に入る語は？,time,day,color,name,What time ...? で時刻を尋ねるよ。
46,小学3～6年生,時刻の前置詞,1,意味,4択,「I get up at seven.」の意味は？,私は7時に起きます。,私たちは日曜日にサッカーをします。,学校は4月に始まります。,猫はテーブルの下にいます。,時刻の前では at を使うよ。
46,小学3～6年生,時刻の前置詞,2,穴埋め,4択,「I get up ___ seven.」に入る語は？,at,in,on,from,時刻の前では at を使うよ。
47,小学3～6年生,曜日の前置詞,1,意味,4択,「We play soccer on Sunday.」の意味は？,私たちは日曜日にサッカーをします。,学校は4月に始まります。,猫はテーブルの下にいます。,近くに公園があります。,曜日の前では on を使うよ。
47,小学3～6年生,曜日の前置詞,2,穴埋め,4択,「We play soccer ___ Sunday.」に入る語は？,on,at,in,from,曜日の前では on を使うよ。
48,小学3～6年生,月の前置詞,1,意味,4択,「School starts in April.」の意味は？,学校は4月に始まります。,猫はテーブルの下にいます。,近くに公園があります。,本が2冊あります。,月の前では in を使うよ。
48,小学3～6年生,月の前置詞,2,穴埋め,4択,「School starts ___ April.」に入る語は？,in,at,on,by,月の前では in を使うよ。
49,小学3～6年生,場所の前置詞,1,意味,4択,「The cat is under the table.」の意味は？,猫はテーブルの下にいます。,近くに公園があります。,本が2冊あります。,私は本を読んでいます。,under は「～の下に」という意味だよ。
49,小学3～6年生,場所の前置詞,2,穴埋め,4択,「The cat is ___ the table.」に入る語は？,under,to,from,with,under は「～の下に」という意味だよ。
50,小学3～6年生,存在,1,意味,4択,「There is a park nearby.」の意味は？,近くに公園があります。,本が2冊あります。,私は本を読んでいます。,彼らは外で遊んでいます。,一つのものには There is を使うよ。
50,小学3～6年生,存在,2,穴埋め,4択,「There ___ a park nearby.」に入る語は？,is,are,am,do,一つのものには There is を使うよ。
51,小学3～6年生,複数の存在,1,意味,4択,「There are two books.」の意味は？,本が2冊あります。,私は本を読んでいます。,彼らは外で遊んでいます。,私は毎日英語を勉強します。,複数のものには There are を使うよ。
51,小学3～6年生,複数の存在,2,穴埋め,4択,「There ___ two books.」に入る語は？,are,is,am,has,複数のものには There are を使うよ。
52,小学3～6年生,現在進行形,1,意味,4択,「I am reading a book.」の意味は？,私は本を読んでいます。,彼らは外で遊んでいます。,私は毎日英語を勉強します。,彼は毎日サッカーをします。,今していることは be動詞とing形で表すよ。
52,小学3～6年生,現在進行形,2,穴埋め,4択,「I am ___ a book.」に入る語は？,reading,read,reads,reader,今していることは be動詞とing形で表すよ。
53,小学3～6年生,現在進行形,1,意味,4択,「They are playing outside.」の意味は？,彼らは外で遊んでいます。,私は毎日英語を勉強します。,彼は毎日サッカーをします。,私はたいてい歩いて学校へ行きます。,are の後にing形を置くよ。
53,小学3～6年生,現在進行形,2,穴埋め,4択,「They are ___ outside.」に入る語は？,playing,play,plays,played,are の後にing形を置くよ。
54,小学3～6年生,毎日の習慣,1,意味,4択,「I study English every day.」の意味は？,私は毎日英語を勉強します。,彼は毎日サッカーをします。,私はたいてい歩いて学校へ行きます。,私は犬と猫が好きです。,習慣は現在形で表すよ。
54,小学3～6年生,毎日の習慣,2,穴埋め,4択,「I ___ English every day.」に入る語は？,study,studies,studying,to study,習慣は現在形で表すよ。
55,小学3～6年生,三単現,1,意味,4択,「He plays soccer every day.」の意味は？,彼は毎日サッカーをします。,私はたいてい歩いて学校へ行きます。,私は犬と猫が好きです。,私は疲れていますが、幸せです。,he の現在形では動詞に s を付けるよ。
55,小学3～6年生,三単現,2,穴埋め,4択,「He ___ soccer every day.」に入る語は？,plays,play,playing,to play,he の現在形では動詞に s を付けるよ。
56,小学3～6年生,頻度,1,意味,4択,「I usually walk to school.」の意味は？,私はたいてい歩いて学校へ行きます。,私は犬と猫が好きです。,私は疲れていますが、幸せです。,私は昨日京都を訪れました。,usually は「たいてい」という意味だよ。
56,小学3～6年生,頻度,2,穴埋め,4択,「I ___ walk to school.」に入る語は？,usually,yesterday,tomorrow,ago,usually は「たいてい」という意味だよ。
57,小学3～6年生,接続詞,1,意味,4択,「I like dogs and cats.」の意味は？,私は犬と猫が好きです。,私は疲れていますが、幸せです。,私は昨日京都を訪れました。,私は明日勉強します。,and は語や文を「そして」で結ぶよ。
57,小学3～6年生,接続詞,2,穴埋め,4択,「I like dogs ___ cats.」に入る語は？,and,but,because,so,and は語や文を「そして」で結ぶよ。
58,小学3～6年生,接続詞,1,意味,4択,"「I am tired, but I am happy.」の意味は？",私は疲れていますが、幸せです。,私は昨日京都を訪れました。,私は明日勉強します。,私は生徒です。,but は反対の内容を結ぶよ。
58,小学3～6年生,接続詞,2,穴埋め,4択,"「I am tired, ___ I am happy.」に入る語は？",but,or,until,than,but は反対の内容を結ぶよ。
59,小学3～6年生,過去の先取り,1,意味,4択,「I visited Kyoto yesterday.」の意味は？,私は昨日京都を訪れました。,私は明日勉強します。,私は生徒です。,私たちは友達です。,yesterday の出来事は過去形で表せるよ。
59,小学3～6年生,過去の先取り,2,穴埋め,4択,「I ___ Kyoto yesterday.」に入る語は？,visited,visit,visits,visiting,yesterday の出来事は過去形で表せるよ。
60,小学3～6年生,未来の先取り,1,意味,4択,「I will study tomorrow.」の意味は？,私は明日勉強します。,私は生徒です。,私たちは友達です。,彼女は親切です。,will はこれからすることを表すよ。
60,小学3～6年生,未来の先取り,2,穴埋め,4択,「I ___ study tomorrow.」に入る語は？,will,did,was,have,will はこれからすることを表すよ。
