級,ステージ,番号,形,問題文,正解,まちがい1,まちがい2,まちがい3,解説(要約)
初級,1,1,4択,三重県の『津市』は、なんて よむ？,つし,みなみいせちょう,きそさきちょう,なばりし,『津市』は、『つし』と読むよ。三重県にあるよ。
初級,1,2,4択,三重県の『亀山市』は、なんて よむ？,かめやまし,きそさきちょう,なばりし,おわせし,『亀山市』は、『かめやまし』と読むよ。三重県にあるよ。
初級,1,3,4択,三重県の『伊勢市』は、なんて よむ？,いせし,なばりし,おわせし,よっかいちし,『伊勢市』は、『いせし』と読むよ。三重県にあるよ。
初級,1,4,4択,三重県の『伊賀市』は、なんて よむ？,いがし,おわせし,よっかいちし,つし,『伊賀市』は、『いがし』と読むよ。三重県にあるよ。
初級,1,5,4択,三重県の『志摩市』は、なんて よむ？,しまし,よっかいちし,つし,かめやまし,『志摩市』は、『しまし』と読むよ。三重県にあるよ。
初級,1,6,4択,三重県の『松阪市』は、なんて よむ？,まつさかし,つし,かめやまし,いせし,『松阪市』は、『まつさかし』と読むよ。三重県にあるよ。
初級,1,7,4択,三重県の『桑名市』は、なんて よむ？,くわなし,かめやまし,いせし,いがし,『桑名市』は、『くわなし』と読むよ。三重県にあるよ。
初級,1,8,4択,三重県の『熊野市』は、なんて よむ？,くまのし,いせし,いがし,しまし,『熊野市』は、『くまのし』と読むよ。三重県にあるよ。
初級,1,9,4択,三重県の『鈴鹿市』は、なんて よむ？,すずかし,いがし,しまし,まつさかし,『鈴鹿市』は、『すずかし』と読むよ。三重県にあるよ。
初級,1,10,4択,三重県の『鳥羽市』は、なんて よむ？,とばし,しまし,まつさかし,くわなし,『鳥羽市』は、『とばし』と読むよ。三重県にあるよ。
初級,2,1,4択,三重県の『いなべ市』は、なんて よむ？,いなべし,まつさかし,くわなし,くまのし,『いなべ市』は、『いなべし』と読むよ。三重県にあるよ。
初級,2,2,4択,三重県の『多気町』は、なんて よむ？,たきちょう,くわなし,くまのし,すずかし,『多気町』は、『たきちょう』と読むよ。三重県にあるよ。
初級,2,3,4択,三重県に ある町は どれ？,大台町,日野町,久御山町,能勢町,大台町は、三重県にあるよ。『おおだいちょう』と読むよ。
初級,2,4,4択,三重県に ある町は どれ？,大紀町,竜王町,井手町,忠岡町,大紀町は、三重県にあるよ。『たいきちょう』と読むよ。
初級,2,5,4択,三重県に ある町は どれ？,川越町,愛荘町,宇治田原町,熊取町,川越町は、三重県にあるよ。『かわごえちょう』と読むよ。
初級,2,6,4択,三重県に ある町は どれ？,度会町,豊郷町,笠置町,田尻町,度会町は、三重県にあるよ。『わたらいちょう』と読むよ。
初級,2,7,4択,三重県に ある町は どれ？,御浜町,甲良町,和束町,岬町,御浜町は、三重県にあるよ。『みはまちょう』と読むよ。
初級,2,8,4択,三重県に ある町は どれ？,明和町,多賀町,精華町,太子町,明和町は、三重県にあるよ。『めいわちょう』と読むよ。
初級,2,9,4択,三重県に ある町は どれ？,朝日町,日野町,京丹波町,河南町,朝日町は、三重県にあるよ。『あさひちょう』と読むよ。
初級,2,10,4択,三重県に ある町は どれ？,東員町,竜王町,伊根町,島本町,東員町は、三重県にあるよ。『とういんちょう』と読むよ。
中級,1,1,4択,三重県の『玉城町』は、なんて よむ？,たまきちょう,かわごえちょう,わたらいちょう,みはまちょう,『玉城町』は、『たまきちょう』と読むよ。三重県にある地名だよ。
中級,1,2,4択,三重県の『紀北町』は、なんて よむ？,きほくちょう,わたらいちょう,みはまちょう,めいわちょう,『紀北町』は、『きほくちょう』と読むよ。三重県にある地名だよ。
中級,1,3,4択,三重県の『紀宝町』は、なんて よむ？,きほうちょう,みはまちょう,めいわちょう,あさひちょう,『紀宝町』は、『きほうちょう』と読むよ。三重県にある地名だよ。
中級,1,4,4択,三重県の『菰野町』は、なんて よむ？,こものちょう,めいわちょう,あさひちょう,とういんちょう,『菰野町』は、『こものちょう』と読むよ。三重県にある地名だよ。
中級,1,5,4択,三重県の『南伊勢町』は、なんて よむ？,みなみいせちょう,あさひちょう,とういんちょう,なばりし,『南伊勢町』は、『みなみいせちょう』と読むよ。三重県にある地名だよ。
中級,1,6,4択,三重県の『木曽岬町』は、なんて よむ？,きそさきちょう,とういんちょう,なばりし,おわせし,『木曽岬町』は、『きそさきちょう』と読むよ。三重県にある地名だよ。
中級,1,7,4択,三重県の『三崎』は、なんて よむ？,みさき,なばりし,おわせし,よっかいちし,『三崎』は、『みさき』と読むよ。三重県にある地名だよ。
中級,1,8,4択,三重県の『三浦』は、なんて よむ？,みうら,おわせし,よっかいちし,たまきちょう,『三浦』は、『みうら』と読むよ。三重県にある地名だよ。
中級,1,9,4択,三重県の『三田』は、なんて よむ？,みた,よっかいちし,たまきちょう,きほくちょう,『三田』は、『みた』と読むよ。三重県にある地名だよ。
中級,1,10,4択,三重県の『三重』は、なんて よむ？,みえ,たまきちょう,きほくちょう,きほうちょう,『三重』は、『みえ』と読むよ。三重県にある地名だよ。
上級,1,1,4択,三重県の『四日市』は、なんて よむ？,よっかいち,よんにちし,よつかいち,しにちし,『四日市』は、『よっかいち』と読むよ。工場がならぶみなとのまちだよ。トンテキという料理が有名だよ。
上級,1,2,4択,三重県の『尾鷲』は、なんて よむ？,おわせ,おわし,おわり,おしゅう,『尾鷲』は、『おわせ』と読むよ。あめがたくさんふることで有名なまちだよ。
上級,1,3,4択,三重県の『名張』は、なんて よむ？,なばり,なはり,なばる,めいちょう,『名張』は、『なばり』と読むよ。赤目四十八滝という、きれいな滝があるまちだよ。
上級,1,4,4択,三重県の『慥柄浦』は、なんて よむ？,たしからうら,くまのし,すずかし,とばし,『慥柄浦』は、『たしからうら』と読むよ。三重県にある地名だよ。
上級,1,5,4択,三重県の『便ノ山』は、なんて よむ？,びんのやま,すずかし,とばし,いなべし,『便ノ山』は、『びんのやま』と読むよ。三重県にある地名だよ。
上級,1,6,4択,三重県の『能褒野町』は、なんて よむ？,のぼのちょう,とばし,いなべし,たきちょう,『能褒野町』は、『のぼのちょう』と読むよ。三重県にある地名だよ。
上級,1,7,4択,三重県の『枅川』は、なんて よむ？,ひじきがわ,いなべし,たきちょう,おおだいちょう,『枅川』は、『ひじきがわ』と読むよ。三重県にある地名だよ。
上級,1,8,4択,三重県の『鮠川』は、なんて よむ？,はいかわ,たきちょう,おおだいちょう,たいきちょう,『鮠川』は、『はいかわ』と読むよ。三重県にある地名だよ。
上級,1,9,4択,三重県の『飯南町向粥見』は、なんて よむ？,いいなんちょうむこうかゆみ,おおだいちょう,たいきちょう,かわごえちょう,『飯南町向粥見』は、『いいなんちょうむこうかゆみ』と読むよ。三重県にある地名だよ。
上級,1,10,4択,三重県の『西阿漕町岩田』は、なんて よむ？,にしあこぎちょういわた,たいきちょう,かわごえちょう,わたらいちょう,『西阿漕町岩田』は、『にしあこぎちょういわた』と読むよ。三重県にある地名だよ。
最高難易度,1,1,4択,三重県の『鳳凰寺』は、なんて よむ？,ぼうじ,のぼのちょう,ひじきがわ,はいかわ,『鳳凰寺』は、『ぼうじ』と読むよ。三重県にある地名だよ。
最高難易度,1,2,4択,三重県の『北勢町皷』は、なんて よむ？,ほくせいちょうつづみ,ひじきがわ,はいかわ,いいなんちょうむこうかゆみ,『北勢町皷』は、『ほくせいちょうつづみ』と読むよ。三重県にある地名だよ。
最高難易度,1,3,4択,三重県の『飯南町粥見』は、なんて よむ？,いいなんちょうかゆみ,はいかわ,いいなんちょうむこうかゆみ,にしあこぎちょういわた,『飯南町粥見』は、『いいなんちょうかゆみ』と読むよ。三重県にある地名だよ。
最高難易度,1,4,4択,三重県の『蠣塚新田』は、なんて よむ？,かきづかしんでん,いいなんちょうむこうかゆみ,にしあこぎちょういわた,ぼうじ,『蠣塚新田』は、『かきづかしんでん』と読むよ。三重県にある地名だよ。
最高難易度,1,5,4択,三重県の『六把野新田』は、なんて よむ？,ろっぱのしんでん,にしあこぎちょういわた,ぼうじ,ほくせいちょうつづみ,『六把野新田』は、『ろっぱのしんでん』と読むよ。三重県にある地名だよ。
