英語レベル,対象,ジャンル,番号,品詞,出題方向,形,英単語,日本語,問題文,正解,まちがい1,まちがい2,まちがい3,解説(要約)
1,幼児,数字1～10,1,数詞,英日,4択,one,1,「one」の意味は？,1,3,4,5,one は「1」という意味だよ。
1,幼児,数字1～10,2,数詞,英日,4択,two,2,「two」の意味は？,2,4,5,6,two は「2」という意味だよ。
1,幼児,数字1～10,3,数詞,英日,4択,three,3,「three」の意味は？,3,5,6,7,three は「3」という意味だよ。
1,幼児,数字1～10,4,数詞,英日,4択,four,4,「four」の意味は？,4,6,7,8,four は「4」という意味だよ。
1,幼児,数字1～10,5,数詞,英日,4択,five,5,「five」の意味は？,5,7,8,9,five は「5」という意味だよ。
1,幼児,数字1～10,6,数詞,英日,4択,six,6,「six」の意味は？,6,8,9,10,six は「6」という意味だよ。
1,幼児,数字1～10,7,数詞,英日,4択,seven,7,「seven」の意味は？,7,9,10,1,seven は「7」という意味だよ。
1,幼児,数字1～10,8,数詞,英日,4択,eight,8,「eight」の意味は？,8,10,1,2,eight は「8」という意味だよ。
1,幼児,数字1～10,9,数詞,日英,4択,nine,9,「9」を表す英単語は？,nine,one,two,three,「9」は英語で nine と言うよ。
1,幼児,数字1～10,10,数詞,日英,4択,ten,10,「10」を表す英単語は？,ten,two,three,four,「10」は英語で ten と言うよ。
2,幼児,色,1,名詞・形容詞,英日,4択,red,赤,「red」の意味は？,赤,黄色,緑,オレンジ色,red は「赤」という意味だよ。
2,幼児,色,2,名詞・形容詞,英日,4択,blue,青,「blue」の意味は？,青,緑,オレンジ色,紫,blue は「青」という意味だよ。
2,幼児,色,3,名詞・形容詞,英日,4択,yellow,黄色,「yellow」の意味は？,黄色,オレンジ色,紫,ピンク,yellow は「黄色」という意味だよ。
2,幼児,色,4,名詞・形容詞,英日,4択,green,緑,「green」の意味は？,緑,紫,ピンク,黒,green は「緑」という意味だよ。
2,幼児,色,5,名詞・形容詞,英日,4択,orange,オレンジ色,「orange」の意味は？,オレンジ色,ピンク,黒,白,orange は「オレンジ色」という意味だよ。
2,幼児,色,6,名詞・形容詞,英日,4択,purple,紫,「purple」の意味は？,紫,黒,白,茶色,purple は「紫」という意味だよ。
2,幼児,色,7,名詞・形容詞,英日,4択,pink,ピンク,「pink」の意味は？,ピンク,白,茶色,赤,pink は「ピンク」という意味だよ。
2,幼児,色,8,名詞・形容詞,英日,4択,black,黒,「black」の意味は？,黒,茶色,赤,青,black は「黒」という意味だよ。
2,幼児,色,9,名詞・形容詞,日英,4択,white,白,「白」を表す英単語は？,white,red,blue,yellow,「白」は英語で white と言うよ。
2,幼児,色,10,名詞・形容詞,日英,4択,brown,茶色,「茶色」を表す英単語は？,brown,blue,yellow,green,「茶色」は英語で brown と言うよ。
3,幼児,身近な動物,1,名詞,英日,4択,dog,犬,「dog」の意味は？,犬,鳥,魚,うさぎ,dog は「犬」という意味だよ。
3,幼児,身近な動物,2,名詞,英日,4択,cat,猫,「cat」の意味は？,猫,魚,うさぎ,熊,cat は「猫」という意味だよ。
3,幼児,身近な動物,3,名詞,英日,4択,bird,鳥,「bird」の意味は？,鳥,うさぎ,熊,ライオン,bird は「鳥」という意味だよ。
3,幼児,身近な動物,4,名詞,英日,4択,fish,魚,「fish」の意味は？,魚,熊,ライオン,象,fish は「魚」という意味だよ。
3,幼児,身近な動物,5,名詞,英日,4択,rabbit,うさぎ,「rabbit」の意味は？,うさぎ,ライオン,象,猿,rabbit は「うさぎ」という意味だよ。
3,幼児,身近な動物,6,名詞,英日,4択,bear,熊,「bear」の意味は？,熊,象,猿,パンダ,bear は「熊」という意味だよ。
3,幼児,身近な動物,7,名詞,英日,4択,lion,ライオン,「lion」の意味は？,ライオン,猿,パンダ,犬,lion は「ライオン」という意味だよ。
3,幼児,身近な動物,8,名詞,英日,4択,elephant,象,「elephant」の意味は？,象,パンダ,犬,猫,elephant は「象」という意味だよ。
3,幼児,身近な動物,9,名詞,日英,4択,monkey,猿,「猿」を表す英単語は？,monkey,dog,cat,bird,「猿」は英語で monkey と言うよ。
3,幼児,身近な動物,10,名詞,日英,4択,panda,パンダ,「パンダ」を表す英単語は？,panda,cat,bird,fish,「パンダ」は英語で panda と言うよ。
4,幼児,食べ物・飲み物,1,名詞,英日,4択,apple,りんご,「apple」の意味は？,りんご,パン,米・ご飯,卵,apple は「りんご」という意味だよ。
4,幼児,食べ物・飲み物,2,名詞,英日,4択,banana,バナナ,「banana」の意味は？,バナナ,米・ご飯,卵,牛乳,banana は「バナナ」という意味だよ。
4,幼児,食べ物・飲み物,3,名詞,英日,4択,bread,パン,「bread」の意味は？,パン,卵,牛乳,水,bread は「パン」という意味だよ。
4,幼児,食べ物・飲み物,4,名詞,英日,4択,rice,米・ご飯,「rice」の意味は？,米・ご飯,牛乳,水,ケーキ,rice は「米・ご飯」という意味だよ。
4,幼児,食べ物・飲み物,5,名詞,英日,4択,egg,卵,「egg」の意味は？,卵,水,ケーキ,チーズ,egg は「卵」という意味だよ。
4,幼児,食べ物・飲み物,6,名詞,英日,4択,milk,牛乳,「milk」の意味は？,牛乳,ケーキ,チーズ,肉,milk は「牛乳」という意味だよ。
4,幼児,食べ物・飲み物,7,名詞,英日,4択,water,水,「water」の意味は？,水,チーズ,肉,りんご,water は「水」という意味だよ。
4,幼児,食べ物・飲み物,8,名詞,英日,4択,cake,ケーキ,「cake」の意味は？,ケーキ,肉,りんご,バナナ,cake は「ケーキ」という意味だよ。
4,幼児,食べ物・飲み物,9,名詞,日英,4択,cheese,チーズ,「チーズ」を表す英単語は？,cheese,apple,banana,bread,「チーズ」は英語で cheese と言うよ。
4,幼児,食べ物・飲み物,10,名詞,日英,4択,meat,肉,「肉」を表す英単語は？,meat,banana,bread,rice,「肉」は英語で meat と言うよ。
5,幼児,体,1,名詞,英日,4択,head,頭,「head」の意味は？,頭,目,耳,鼻,head は「頭」という意味だよ。
5,幼児,体,2,名詞,英日,4択,face,顔,「face」の意味は？,顔,耳,鼻,口,face は「顔」という意味だよ。
5,幼児,体,3,名詞,英日,4択,eye,目,「eye」の意味は？,目,鼻,口,手,eye は「目」という意味だよ。
5,幼児,体,4,名詞,英日,4択,ear,耳,「ear」の意味は？,耳,口,手,腕,ear は「耳」という意味だよ。
5,幼児,体,5,名詞,英日,4択,nose,鼻,「nose」の意味は？,鼻,手,腕,脚,nose は「鼻」という意味だよ。
5,幼児,体,6,名詞,英日,4択,mouth,口,「mouth」の意味は？,口,腕,脚,足,mouth は「口」という意味だよ。
5,幼児,体,7,名詞,英日,4択,hand,手,「hand」の意味は？,手,脚,足,頭,hand は「手」という意味だよ。
5,幼児,体,8,名詞,英日,4択,arm,腕,「arm」の意味は？,腕,足,頭,顔,arm は「腕」という意味だよ。
5,幼児,体,9,名詞,日英,4択,leg,脚,「脚」を表す英単語は？,leg,head,face,eye,「脚」は英語で leg と言うよ。
5,幼児,体,10,名詞,日英,4択,foot,足,「足」を表す英単語は？,foot,face,eye,ear,「足」は英語で foot と言うよ。
6,幼児,家族・人,1,名詞,英日,4択,mother,母,「mother」の意味は？,母,姉・妹,兄・弟,赤ちゃん,mother は「母」という意味だよ。
6,幼児,家族・人,2,名詞,英日,4択,father,父,「father」の意味は？,父,兄・弟,赤ちゃん,家族,father は「父」という意味だよ。
6,幼児,家族・人,3,名詞,英日,4択,sister,姉・妹,「sister」の意味は？,姉・妹,赤ちゃん,家族,友達,sister は「姉・妹」という意味だよ。
6,幼児,家族・人,4,名詞,英日,4択,brother,兄・弟,「brother」の意味は？,兄・弟,家族,友達,先生,brother は「兄・弟」という意味だよ。
6,幼児,家族・人,5,名詞,英日,4択,baby,赤ちゃん,「baby」の意味は？,赤ちゃん,友達,先生,男の子,baby は「赤ちゃん」という意味だよ。
6,幼児,家族・人,6,名詞,英日,4択,family,家族,「family」の意味は？,家族,先生,男の子,女の子,family は「家族」という意味だよ。
6,幼児,家族・人,7,名詞,英日,4択,friend,友達,「friend」の意味は？,友達,男の子,女の子,母,friend は「友達」という意味だよ。
6,幼児,家族・人,8,名詞,英日,4択,teacher,先生,「teacher」の意味は？,先生,女の子,母,父,teacher は「先生」という意味だよ。
6,幼児,家族・人,9,名詞,日英,4択,boy,男の子,「男の子」を表す英単語は？,boy,mother,father,sister,「男の子」は英語で boy と言うよ。
6,幼児,家族・人,10,名詞,日英,4択,girl,女の子,「女の子」を表す英単語は？,girl,father,sister,brother,「女の子」は英語で girl と言うよ。
7,幼児,身近な物・おもちゃ,1,名詞,英日,4択,book,本,「book」の意味は？,本,かばん,ボール,人形,book は「本」という意味だよ。
7,幼児,身近な物・おもちゃ,2,名詞,英日,4択,pencil,鉛筆,「pencil」の意味は？,鉛筆,ボール,人形,積み木,pencil は「鉛筆」という意味だよ。
7,幼児,身近な物・おもちゃ,3,名詞,英日,4択,bag,かばん,「bag」の意味は？,かばん,人形,積み木,おもちゃ,bag は「かばん」という意味だよ。
7,幼児,身近な物・おもちゃ,4,名詞,英日,4択,ball,ボール,「ball」の意味は？,ボール,積み木,おもちゃ,箱,ball は「ボール」という意味だよ。
7,幼児,身近な物・おもちゃ,5,名詞,英日,4択,doll,人形,「doll」の意味は？,人形,おもちゃ,箱,椅子,doll は「人形」という意味だよ。
7,幼児,身近な物・おもちゃ,6,名詞,英日,4択,block,積み木,「block」の意味は？,積み木,箱,椅子,テーブル,block は「積み木」という意味だよ。
7,幼児,身近な物・おもちゃ,7,名詞,英日,4択,toy,おもちゃ,「toy」の意味は？,おもちゃ,椅子,テーブル,本,toy は「おもちゃ」という意味だよ。
7,幼児,身近な物・おもちゃ,8,名詞,英日,4択,box,箱,「box」の意味は？,箱,テーブル,本,鉛筆,box は「箱」という意味だよ。
7,幼児,身近な物・おもちゃ,9,名詞,日英,4択,chair,椅子,「椅子」を表す英単語は？,chair,book,pencil,bag,「椅子」は英語で chair と言うよ。
7,幼児,身近な物・おもちゃ,10,名詞,日英,4択,table,テーブル,「テーブル」を表す英単語は？,table,pencil,bag,ball,「テーブル」は英語で table と言うよ。
8,幼児,乗り物,1,名詞,英日,4択,car,車,「car」の意味は？,車,電車,飛行機,船,car は「車」という意味だよ。
8,幼児,乗り物,2,名詞,英日,4択,bus,バス,「bus」の意味は？,バス,飛行機,船,小舟,bus は「バス」という意味だよ。
8,幼児,乗り物,3,名詞,英日,4択,train,電車,「train」の意味は？,電車,船,小舟,自転車,train は「電車」という意味だよ。
8,幼児,乗り物,4,名詞,英日,4択,plane,飛行機,「plane」の意味は？,飛行機,小舟,自転車,タクシー,plane は「飛行機」という意味だよ。
8,幼児,乗り物,5,名詞,英日,4択,ship,船,「ship」の意味は？,船,自転車,タクシー,トラック,ship は「船」という意味だよ。
8,幼児,乗り物,6,名詞,英日,4択,boat,小舟,「boat」の意味は？,小舟,タクシー,トラック,スクーター,boat は「小舟」という意味だよ。
8,幼児,乗り物,7,名詞,英日,4択,bicycle,自転車,「bicycle」の意味は？,自転車,トラック,スクーター,車,bicycle は「自転車」という意味だよ。
8,幼児,乗り物,8,名詞,英日,4択,taxi,タクシー,「taxi」の意味は？,タクシー,スクーター,車,バス,taxi は「タクシー」という意味だよ。
8,幼児,乗り物,9,名詞,日英,4択,truck,トラック,「トラック」を表す英単語は？,truck,car,bus,train,「トラック」は英語で truck と言うよ。
8,幼児,乗り物,10,名詞,日英,4択,scooter,スクーター,「スクーター」を表す英単語は？,scooter,bus,train,plane,「スクーター」は英語で scooter と言うよ。
9,幼児,基本動作,1,動詞,英日,4択,eat,食べる,「eat」の意味は？,食べる,走る,歩く,跳ぶ,eat は「食べる」という意味だよ。
9,幼児,基本動作,2,動詞,英日,4択,drink,飲む,「drink」の意味は？,飲む,歩く,跳ぶ,泳ぐ,drink は「飲む」という意味だよ。
9,幼児,基本動作,3,動詞,英日,4択,run,走る,「run」の意味は？,走る,跳ぶ,泳ぐ,座る,run は「走る」という意味だよ。
9,幼児,基本動作,4,動詞,英日,4択,walk,歩く,「walk」の意味は？,歩く,泳ぐ,座る,立つ,walk は「歩く」という意味だよ。
9,幼児,基本動作,5,動詞,英日,4択,jump,跳ぶ,「jump」の意味は？,跳ぶ,座る,立つ,眠る,jump は「跳ぶ」という意味だよ。
9,幼児,基本動作,6,動詞,英日,4択,swim,泳ぐ,「swim」の意味は？,泳ぐ,立つ,眠る,遊ぶ,swim は「泳ぐ」という意味だよ。
9,幼児,基本動作,7,動詞,英日,4択,sit,座る,「sit」の意味は？,座る,眠る,遊ぶ,食べる,sit は「座る」という意味だよ。
9,幼児,基本動作,8,動詞,英日,4択,stand,立つ,「stand」の意味は？,立つ,遊ぶ,食べる,飲む,stand は「立つ」という意味だよ。
9,幼児,基本動作,9,動詞,日英,4択,sleep,眠る,「眠る」を表す英単語は？,sleep,eat,drink,run,「眠る」は英語で sleep と言うよ。
9,幼児,基本動作,10,動詞,日英,4択,play,遊ぶ,「遊ぶ」を表す英単語は？,play,drink,run,walk,「遊ぶ」は英語で play と言うよ。
10,幼児,気持ち・ようす,1,形容詞,英日,4択,happy,うれしい,「happy」の意味は？,うれしい,怒っている,疲れた,良い,happy は「うれしい」という意味だよ。
10,幼児,気持ち・ようす,2,形容詞,英日,4択,sad,悲しい,「sad」の意味は？,悲しい,疲れた,良い,悪い,sad は「悲しい」という意味だよ。
10,幼児,気持ち・ようす,3,形容詞,英日,4択,angry,怒っている,「angry」の意味は？,怒っている,良い,悪い,大きい,angry は「怒っている」という意味だよ。
10,幼児,気持ち・ようす,4,形容詞,英日,4択,tired,疲れた,「tired」の意味は？,疲れた,悪い,大きい,小さい,tired は「疲れた」という意味だよ。
10,幼児,気持ち・ようす,5,形容詞,英日,4択,good,良い,「good」の意味は？,良い,大きい,小さい,暑い・熱い,good は「良い」という意味だよ。
10,幼児,気持ち・ようす,6,形容詞,英日,4択,bad,悪い,「bad」の意味は？,悪い,小さい,暑い・熱い,寒い・冷たい,bad は「悪い」という意味だよ。
10,幼児,気持ち・ようす,7,形容詞,英日,4択,big,大きい,「big」の意味は？,大きい,暑い・熱い,寒い・冷たい,うれしい,big は「大きい」という意味だよ。
10,幼児,気持ち・ようす,8,形容詞,英日,4択,small,小さい,「small」の意味は？,小さい,寒い・冷たい,うれしい,悲しい,small は「小さい」という意味だよ。
10,幼児,気持ち・ようす,9,形容詞,日英,4択,hot,暑い・熱い,「暑い・熱い」を表す英単語は？,hot,happy,sad,angry,「暑い・熱い」は英語で hot と言うよ。
10,幼児,気持ち・ようす,10,形容詞,日英,4択,cold,寒い・冷たい,「寒い・冷たい」を表す英単語は？,cold,sad,angry,tired,「寒い・冷たい」は英語で cold と言うよ。
