キー,名前,種類,描く内容,見分けのポイント,まちがえやすい描き方,根拠番号
sun,太陽,太陽,黄橙色に光る丸い太陽。表面に細かな粒状とゆらぐ模様を入れる,強く光る黄橙色,惑星のような地面や大きな環を付けない,1
earth,地球,惑星,青い海、緑と茶色の陸、白い雲が見える丸い地球,青い海と大陸,輪を付けず、全面を青一色にしない,4
mercury,水星,惑星,灰色でクレーターが多い小さな惑星,灰色で穴が多い,青い海や大きな環を描かない,5
venus,金星,惑星,淡い黄白色の厚い雲に全体を包まれた惑星,黄白色の雲,地表や海をはっきり描かない,5
mars,火星,惑星,赤茶色の惑星。表面に濃淡と小さな白い極冠,全体が赤茶色,青色や大きな環にしない,5
jupiter,木星,惑星,白・茶・橙色の横じまと大赤斑がある大きな惑星,横じまと赤い斑点,固い地面や大きな環を主役にしない,5
saturn,土星,惑星,淡い黄色の惑星。氷と岩の粒でできた幅広い環を目立たせる,大きく明るい環,環を一本の板や金属にしない,5
uranus,天王星,惑星,淡い青緑色で、ほぼ横倒しの細い環を持つ惑星,淡い青緑色,土星のような大きな環にしない,5
neptune,海王星,惑星,深い青色の丸い惑星。白い雲の筋を少し描く,濃い青色,海や大陸を描いて地球にしない,5
pluto,冥王星,準惑星,灰褐色の小さな準惑星。明るいハート形の地域を描く,明るいハート形,8惑星と同じ大きさにしない,5
star,星,星,暗い空に一つの明るい恒星。中心を丸く、光芒は短くする,自分で光る一点,五角形だけの記号にしない,"1,6"
milky_way,天の川,銀河,夜空を横切る淡い乳白色の星の帯,空を横切る光の帯,一個の渦巻銀河を外から見た絵にしない,6
spiral_galaxy,渦巻銀河,銀河,明るい中心と、外へ巻く複数の腕を持つ銀河,渦巻く腕,天の川の帯や一個の星にしない,15
elliptical_galaxy,だ円銀河,銀河,なめらかな楕円形に星の光が集まった銀河,腕のない楕円形,渦巻く腕を描かない,15
irregular_galaxy,不規則銀河,銀河,左右非対称で決まった形を持たない星とガスの集まり,形が不ぞろい,整った円や渦巻にしない,15
nebula,星雲,星雲,青・ピンク・紫の色がついた、ガスとちりの雲に星が光る,色とにじみ,銀河のような整った楕円や渦巻にしない,16
orion,オリオン座,星座,四隅の明るい星と、中央にほぼ一直線の三つ星を配置,中央の三つ星,星を線で増やしすぎない,7
scorpius,さそり座,星座,星をS字に並べ、中心付近に赤い一等星アンタレスを目立たせる,S字と赤い一等星,W字、十字、中央の三つ星にしない,7
cassiopeia,カシオペア,星座,五つの星をW字に並べる,W字の五つ星,ひしゃく形にしない,7
southern_cross,南十字星,星座,四つの主な星を小さな十字形に並べる,小さな十字形,中央に三つ星を置かない,7
new_moon,新月,月の形,太陽に照らされた面がこちらを向かず、暗く見える月。ごく薄い縁取りの光（地球照）を付け、暗い背景の上でも輪郭が見えるようにする,ほぼ真っ暗,縁取りを太くして三日月にしない,3
crescent_moon,三日月,月の形,細い弓形の部分だけが明るい月,細い光の弓,半分以上を明るくしない,3
half_moon,半月,月の形,円のちょうど半分が明るく見える月,明るさが半分,細い三日月や丸い満月にしない,3
full_moon,満月,月の形,地球から見える円い面全体が明るい月,全体が丸く明るい,一部を欠けさせない,3
comet,彗星,宇宙の現象,明るい頭部と、太陽と反対方向へ長く伸びる尾を描く,長い尾,流れ星の短い光跡にしない,13
meteor,流れ星,宇宙の現象,夜空を短時間で横切る細い光の筋,細く速い光跡,長く広がる彗星の尾にしない,11
solar_eclipse,日食,宇宙の現象,太陽の手前を黒い月が通り、太陽が隠れる様子。ごく薄い縁取りの光（地球照）を付け、暗い背景の上でも輪郭が見えるようにする,月が太陽を隠す,地球の影で月が暗くなる月食にしない,14
rocket,ロケット,乗り物,先のとがった縦長の機体が、下から炎と煙を出して上昇,下向きの炎,飛行機の翼を大きく付けない,8
iss,ISS,宇宙施設,中央の居住・実験棟と、左右に広がる大きな太陽電池パネル,横長の太陽電池,一枚板の人工衛星やロケット形にしない,"10,12"
satellite,人工衛星,宇宙機,小型の箱形本体と左右の太陽電池パネル、地球を背景に描く,箱と左右のパネル,ISSほど大きく複雑にしない,8
telescope,望遠鏡,観測機器,三脚に載った長い筒形の天体望遠鏡,三脚と長い筒,ロケットのように炎を付けない,6
astronaut,宇宙飛行士,人,白い船外宇宙服、丸いヘルメット、生命維持装置の背負い箱,白い宇宙服,普通の服や酸素装置なしにしない,9
astronomer,天文学者,人,普段着または白衣で、望遠鏡や観測資料を扱う研究者,望遠鏡で観測,船外宇宙服を着せない,6
pilot,パイロット,人,航空用制服と帽子を着た飛行機の操縦士,制服と操縦席,宇宙服や大きな背負い箱を付けない,8
mechanic,整備士,人,作業服で工具を持ち、機械を点検する人,作業服と工具,宇宙服や操縦士の帽子にしない,8
