難しさ,テーマ,番号,形,問題文,正解,まちがい1,まちがい2,まちがい3,解説(要約),根拠番号
初級,太陽,1,絵4択,『太陽』はどれ？,太陽,満月,地球,土星,太陽は自分で光る星だよ。太陽系の中心にあるんだ。,1
初級,太陽,2,絵4択,自分で光る星はどれ？,太陽,満月,地球,金星,太陽は自分で光っているよ。月や惑星は太陽の光を反射して見えるんだ。,"1,3"
初級,太陽,3,4択,昼の空で地球を明るく照らすのは？,太陽,月,雲,虹,太陽の光と熱は、地球の生き物にとても大切だよ。,1
初級,月,4,絵4択,『新月』はどれ？,新月,太陽,地球,木星,新月は、地球から見える面が暗く、ほとんど見えない月だよ。,3
初級,月,5,絵4択,『三日月』はどれ？,三日月,満月,半月,新月,三日月は、光った部分が細く見える月だよ。月の形は約1か月でくり返すんだ。,3
初級,月,6,絵4択,『満月』はどれ？,満月,三日月,半月,新月,満月は、地球から見える面が丸く明るく見える月だよ。,3
初級,月,7,4択,月を明るく見せる光は？,太陽の光,月の光,町の光,火の光,月は自分では光らないよ。太陽の光を反射して光って見えるんだ。,3
初級,地球と宇宙,8,絵4択,『地球』はどれ？,地球,火星,木星,土星,地球は太陽から3番目の惑星だよ。表面には液体の水があるんだ。,4
初級,地球と宇宙,9,絵4択,青い海が見える惑星は？,地球,火星,金星,木星,地球の表面には広い海があるよ。宇宙からは青く見えるんだ。,4
初級,地球と宇宙,10,4択,わたしたちが住む惑星は？,地球,火星,金星,水星,地球は、今のところ生命がいると分かっている唯一の惑星だよ。,"4,5"
初級,惑星,11,絵4択,『水星』はどれ？,水星,地球,木星,土星,水星は太陽に一番近く、太陽系で一番小さい惑星だよ。,5
初級,惑星,12,絵4択,『金星』はどれ？,金星,火星,地球,海王星,金星は厚い雲に包まれた惑星だよ。太陽から2番目にあるんだ。,5
初級,惑星,13,絵4択,『火星』はどれ？,火星,地球,木星,土星,火星は赤茶色に見える惑星だよ。表面の鉄がさびた色なんだ。,5
初級,惑星,14,絵4択,『木星』はどれ？,木星,火星,地球,土星,木星には、しま模様と大赤斑という大きな嵐が見えるよ。,5
初級,惑星,15,絵4択,『土星』はどれ？,土星,火星,地球,太陽,土星の大きな環は、たくさんの氷や岩の粒でできているよ。,5
初級,惑星,16,4択,太陽系の惑星はいくつ？,8つ,7つ,9つ,6つ,太陽系の惑星は8つだよ。冥王星は2006年から準惑星に分類されているんだ。,5
初級,星・星座・銀河,17,絵4択,『星』はどれ？,星,彗星,流れ星,満月,星は熱く光るガスの大きな球だよ。太陽も星の一つなんだ。,"1,6"
初級,星・星座・銀河,18,絵4択,『天の川』はどれ？,天の川,渦巻銀河,オリオン座,星,天の川は、地球がある銀河を内側から見た光の帯だよ。,6
初級,星・星座・銀河,19,4択,星を結んだ空の形は？,星座,銀河,惑星,衛星,星座は、星を線で結んで人や動物などの形に見立てたものだよ。,7
初級,ロケット・宇宙飛行士・宇宙ステーション,20,絵4択,『ロケット』はどれ？,ロケット,ISS,人工衛星,望遠鏡,ロケットは強い力で飛び、人工衛星や宇宙船を宇宙へ運ぶよ。,8
初級,ロケット・宇宙飛行士・宇宙ステーション,21,絵4択,『宇宙飛行士』はどの人？,宇宙飛行士,天文学者,パイロット,整備士,宇宙飛行士は宇宙船や宇宙ステーションで仕事をする人だよ。,"9,10"
初級,ロケット・宇宙飛行士・宇宙ステーション,22,4択,人工衛星を宇宙へ運ぶのは？,ロケット,飛行機,電車,船,ロケットは地球の重力に逆らって上がり、宇宙で人工衛星を放すよ。,8
初級,ロケット・宇宙飛行士・宇宙ステーション,23,4択,宇宙で着る特別な服は？,宇宙服,作業服,雨具,水着,宇宙服は酸素を送り、暑さや寒さ、宇宙のちりから体を守るよ。,9
初級,宇宙の現象,24,4択,夜空をさっと流れる光は？,流れ星,彗星,惑星,人工衛星,流れ星は流星ともいうよ。多くは数秒ほどで見えなくなるんだ。,11
中級,太陽,1,絵4択,黒い点が見える天体は？,太陽,満月,地球,金星,太陽の表面に暗く見える部分を黒点というよ。周りより温度が低いんだ。,1
中級,太陽,2,4択,地球から太陽までの距離は？,約1.5億km,約38万km,約400km,約1万km,太陽までは約1億5000万kmだよ。光でも約8分かかるんだ。,"1,4"
中級,月,3,絵4択,『半月』はどれ？,半月,満月,三日月,新月,半月は、地球から見える明るい部分が半分の月だよ。,3
中級,月,4,4択,地球から月までの距離は？,約38万km,約400km,約1万km,約1.5億km,月までの平均距離は約38万4400kmだよ。地球約30個分の距離なんだ。,2
中級,月,5,4択,月の丸いくぼみを何という？,クレーター,黒点,海溝,火口湖,月のクレーターの多くは、小天体がぶつかってできたくぼみだよ。,2
中級,惑星,6,絵4択,厚い雲に包まれた惑星は？,金星,火星,地球,木星,金星は厚い雲に包まれているよ。雲の下にはとても熱い地表があるんだ。,5
中級,地球と宇宙,7,4択,地球の1年は約何日？,約365日,約30日,約88日,約24日,地球が太陽を一周するのに約365.25日かかるよ。,4
中級,惑星,8,絵4択,『天王星』はどれ？,天王星,土星,火星,地球,天王星は青緑色に見える氷の巨大惑星だよ。横倒しに近い向きで回るんだ。,5
中級,惑星,9,絵4択,『海王星』はどれ？,海王星,木星,金星,地球,海王星は青く見える氷の巨大惑星で、太陽から一番遠い惑星だよ。,5
中級,惑星,10,絵4択,大きな環が目立つ惑星は？,土星,火星,地球,金星,土星以外にも環を持つ惑星はあるけれど、土星の環は特に大きく目立つよ。,5
中級,惑星,11,4択,太陽に一番近い惑星は？,水星,金星,地球,火星,水星は太陽に一番近い惑星で、太陽のまわりを約88日で一周するよ。,5
中級,惑星,12,4択,太陽系で最大の惑星は？,木星,土星,地球,海王星,木星は太陽系で一番大きい惑星だよ。地球よりずっと大きいんだ。,5
中級,惑星,13,4択,赤い惑星とよばれるのは？,火星,金星,木星,水星,火星は表面の鉄を含む鉱物が酸化し、赤く見えるよ。,5
中級,地球と宇宙,14,4択,地球の自然衛星はいくつ？,1つ,2つ,3つ,4つ,地球の自然衛星は月1つだよ。月は地球のまわりを回っているんだ。,2
中級,星・星座・銀河,15,絵4択,『オリオン座』はどれ？,オリオン座,さそり座,カシオペア,南十字星,オリオン座の中央には、ほぼ一直線に並ぶ3つの星があるよ。,7
中級,星・星座・銀河,16,4択,太陽系がある銀河の名前は？,天の川銀河,アンドロメダ,大マゼラン,小マゼラン,太陽系は天の川銀河の中にあるよ。天の川銀河は渦巻く形の銀河なんだ。,6
中級,星・星座・銀河,17,4択,星が大きく集まった天体は？,銀河,星座,惑星,衛星,銀河は、たくさんの星やガス、ちりが重力で集まった天体だよ。,6
中級,ロケット・宇宙飛行士・宇宙ステーション,18,絵4択,『ISS』はどれ？,ISS,ロケット,人工衛星,望遠鏡,ISSは地球のまわりを回る大きな有人実験施設だよ。,10
中級,ロケット・宇宙飛行士・宇宙ステーション,19,4択,ISSの日本実験棟の名前は？,きぼう,はやぶさ,かぐや,ひまわり,「きぼう」は日本で初めての有人宇宙実験施設だよ。ISSにつながっているんだ。,12
中級,ロケット・宇宙飛行士・宇宙ステーション,20,4択,ISSが地球を一周する時間は？,約90分,約24時間,約30日,約1年,ISSは約90分で地球を一周するよ。1日に約16周するんだ。,10
中級,ロケット・宇宙飛行士・宇宙ステーション,21,4択,ISSで行う大切な仕事は？,宇宙実験,海水浴,稲作,道路工事,ISSでは、重力がとても小さい環境を生かして多くの実験をするよ。,"10,12"
中級,宇宙の現象,22,絵4択,『彗星』はどれ？,彗星,流れ星,星,満月,彗星は氷やちりを多く含む天体だよ。太陽に近づくと尾が見えることがあるんだ。,13
中級,宇宙の現象,23,絵4択,『流れ星』はどれ？,流れ星,彗星,星,満月,流れ星は、宇宙の小さな粒が大気に入り、光って見える現象だよ。,11
中級,宇宙の現象,24,4択,日食で太陽をかくす天体は？,月,地球,火星,金星,日食は、月が地球と太陽の間に来て、太陽をかくす現象だよ。,14
上級,太陽,1,4択,太陽で一番温度が高い場所は？,中心部,表面,黒点,彩層,太陽の中心部は約1500万度で、核融合が起きているよ。,1
上級,月,2,4択,月の同じ面が地球を向く理由は？,同じ周期,回らない,地球の影,太陽の力,月の自転と地球を回る周期が同じなので、地球からはほぼ同じ面が見えるよ。,2
上級,地球と宇宙,3,4択,地球に季節がある主な理由は？,軸の傾き,距離の変化,自転速度,月の満欠,地球の自転軸が約23.4度傾いたまま太陽を回るため、季節が生まれるよ。,4
上級,惑星,4,絵4択,『冥王星』はどれ？,冥王星,水星,海王星,満月,冥王星は準惑星だよ。太陽系の8惑星には含まれないんだ。,5
上級,惑星,5,4択,岩石でできた内側の惑星は？,地球,木星,土星,海王星,水星・金星・地球・火星は、固い岩石の表面を持つ惑星だよ。,5
上級,惑星,6,4択,太陽から一番遠い惑星は？,海王星,天王星,土星,木星,8惑星の中では海王星が太陽から一番遠いよ。冥王星は準惑星なんだ。,5
上級,星・星座・銀河,7,絵4択,『渦巻銀河』はどれ？,渦巻銀河,だ円銀河,不規則銀河,星雲,渦巻銀河には、中心から伸びる腕のような形が見えるよ。,"15,16"
上級,星・星座・銀河,8,4択,光年は何を表す単位？,距離,時間,明るさ,温度,1光年は光が1年間に進む距離だよ。約9兆5000億kmなんだ。,6
上級,ロケット・宇宙飛行士・宇宙ステーション,9,絵4択,『人工衛星』はどれ？,人工衛星,星,ロケット,望遠鏡,人工衛星はロケットで運ばれ、地球などのまわりを回って観測や通信をするよ。,8
上級,ロケット・宇宙飛行士・宇宙ステーション,10,4択,宇宙服が呼吸のため送るものは？,酸素,水素,窒素,ヘリウム,宇宙服の背中の装置は酸素を送り、吐いた二酸化炭素を取り除くよ。,9
上級,宇宙の現象,11,絵4択,『日食』はどれ？,日食,新月,満月,三日月,日食では、月が太陽の手前を通り、太陽の一部や全部をかくすよ。,14
上級,宇宙の現象,12,4択,月食で月に落ちる影は？,地球の影,月の影,太陽の影,火星の影,月食は、月が地球の影に入る現象だよ。満月のときに起こるんだ。,14
